<assembly xmlns="http://maven.apache.org/ASSEMBLY/2.0.0"
	xmlns:xsi="http://www.w3.org/2001/XMLSchema-instance"
	xsi:schemaLocation="http://maven.apache.org/ASSEMBLY/2.0.0 http://maven.apache.org/xsd/assembly-2.0.0.xsd">
	<id>executable</id>
	<formats>
		<format>zip</format>
	</formats>
	<dependencySets>
		<dependencySet>
			<outputDirectory>/lib</outputDirectory>
			<useProjectArtifact />
		</dependencySet>
	</dependencySets>
	<fileSets>
		<fileSet>
			<directory>${project.basedir}</directory>
			<includes>
				<include>README*</include>
				<include>LICENSE*</include>
			</includes>
			<useDefaultExcludes>true</useDefaultExcludes>
		</fileSet>
		<fileSet>
			<directory>src/main/resources</directory>
			<outputDirectory>/</outputDirectory>
			<includes>
				<include>*/**</include>
			</includes>
		</fileSet>
	</fileSets>
</assembly>