<?xml version="1.0" encoding="UTF-8"?>
<Configuration status="INFO">
	<Appenders>
		<Console name="Console" target="SYSTEM_OUT">
			<PatternLayout
				pattern="%d{HH:mm:ss.SSS} [%t] %-4level %logger{8} %X{date} - %msg%n" />
		</Console>
	</Appenders>
	<Loggers>
		<Root level="INFO">
			<AppenderRef ref="Console" />
		</Root>
		<Logger
			name="br.inpe.cmc202.satellite.controllers.sdre.ProportionalNonLinearQuaternionFullSDREController"
			level="error" additivity="false">
			<AppenderRef ref="Console" />
		</Logger>
	</Loggers>
</Configuration>